Title	Metadata.Publishers	Metrics.Review Score	Metrics.Used Price	Release.Console	Release.Rating	Release.Year
Super Mario 64 DS	Nintendo	85	24.95	Nintendo DS	E	2004
Lumines: Puzzle Fusion	Ubisoft	89	14.95	Sony PSP	E	2004
WarioWare Touched!	Nintendo	81	22.95	Nintendo DS	E	2004
Hot Shots Golf: Open Tee	Sony	81	12.95	Sony PSP	E	2004
Spider-Man 2	Activision	61	14.95	Nintendo DS	E	2004
The Urbz: Sims in the City	EA	67	12.95	Nintendo DS	M	2004
Ridge Racer	Namco	88	19.95	Sony PSP	E	2004
Metal Gear Ac!d	Konami	75	17.95	Sony PSP	E	2004
Madden NFL 2005	EA	68	8.95	Nintendo DS	T	2004
Pokmon Dash	Nintendo	46	24.95	Nintendo DS	T	2004
Dynasty Warriors		62	14.95	Sony PSP	E	2004
Feel the Magic XY/XX	Sega	75	8.95	Nintendo DS	T	2004
Ridge Racer DS	Namco	63	9.95	Nintendo DS	E	2004
Darkstalkers Chronicle: The Chaos Tower	Capcom	74	14.95	Sony PSP	E	2004
Ape Escape Academy	Sony	51	14.95	Sony PSP	E	2004
Polarium	Nintendo	73	8.95	Nintendo DS	E	2004
Asphalt: Urban GT	Ubisoft	60	14.95	Nintendo DS	E	2004
Zoo Keeper		74	14.95	Nintendo DS	T	2004
Mr. DRILLER: Drill Spirits	Namco	72	14.95	Nintendo DS	T	2004
Sprung	Ubisoft	48	8.95	Nintendo DS	E	2004
Armored Core: Formula Front - Extreme Battle		66	16.95	Sony PSP	E	2004
Puyo Pop Fever	Sega	76	19.95	Nintendo DS	E	2004
Mario Kart DS	Nintendo	91	29.95	Nintendo DS	E	2005
Nintendogs	Nintendo	83	26.95	Nintendo DS	E	2005
Brain Age: Train Your Brain in Minutes a Day!	Nintendo	77	17.95	Nintendo DS	M	2005
Brain Agey: More Training in Minutes a Day!	Nintendo	77	17.95	Nintendo DS	E	2005
Grand Theft Auto: Liberty City Stories	"Capcom,Rockstar"	88	17.95	Sony PSP	E	2005
Animal Crossing: Wild World	Nintendo	86	24.95	Nintendo DS	T	2005
Big Brain Academy	Nintendo	74	16.95	Nintendo DS	E	2005
Call of Duty 2	"Activision,Konami"	89	17.95	X360	E	2005
Midnight Club 3: DUB Edition	Rockstar	74	14.95	Sony PSP	T	2005
Need for Speed: Most Wanted 5-1-0	EA	72	14.95	Sony PSP	M	2005
Pokmon Mystery Dungeon: Blue Rescue Team	Nintendo	62	14.95	Nintendo DS	T	2005
Sonic Rush	Sega	82	14.95	Nintendo DS	E	2005
Star Wars: Battlefront II		69	16.95	Sony PSP	E	2005
SOCOM: U.S. Navy SEALs - Fireteam Bravo	Sony	82	14.95	Sony PSP	E	2005
Need for Speed: Most Wanted	EA	83	17.95	X360	E	2005
Zoo Tycoon DS	THQ	44	12.95	Nintendo DS	T	2005
The Sims 2	EA	70	17.95	Nintendo DS	M	2005
Mario & Luigi: Partners in Time	Nintendo	86	29.95	Nintendo DS	E	2005
Madden NFL 06	EA	75	7.95	Sony PSP	E	2005
Need for Speed Underground: Rivals	EA	74	17.95	Sony PSP	E	2005
Twisted Metal: Head-On	Sony	79	14.95	Sony PSP	E	2005
Perfect Dark Zero	Microsoft	79	17.95	X360	E	2005
Super Monkey Ball: Touch & Roll	Sega	63	15.95	Nintendo DS	T	2005
Super Princess Peach	Nintendo	75	29.95	Nintendo DS	T	2005
Burnout Legends	EA	86	14.95	Sony PSP	T	2005
Madden NFL 06	EA	74	4.95	X360	E	2005
Clubhouse Games	Nintendo	83	17.95	Nintendo DS	E	2005
ATV Offroad Fury: Blazin' Trails	Sony	63	12.95	Sony PSP	T	2005
Untold Legends: Brotherhood of the Blade	"Activision,Sony"	68	12.95	Sony PSP	M	2005
Tony Hawk's Underground 2: Remix	Activision	83	14.95	Sony PSP	T	2005
The Sims 2	EA	65	14.95	Sony PSP	T	2005
WipEout Pure	Sony	88	12.95	Sony PSP	E	2005
NBA Live 06	EA	80	9.95	Sony PSP	E	2005
WWE Smackdown vs. Raw 2006	THQ	81	14.95	Sony PSP	T	2005
Dead or Alive 4		85	17.95	X360	E	2005
Phoenix Wright: Ace Attorney	Capcom	81	24.95	Nintendo DS	E	2005
Spider-Man 2	Activision	67	14.95	Sony PSP	M	2005
NFL Street 2	EA	73	17.95	Sony PSP	T	2005
Kirby: Canvas Curse	Nintendo	86	17.95	Nintendo DS	T	2005
Battlefield 2: Modern Combat	EA	77	16.95	X360	E	2005
Yoshi Touch & Go	Nintendo	73	17.95	Nintendo DS	T	2005
Tiger Woods PGA Tour 06	EA	71	9.95	X360	T	2005
Condemned: Criminal Origins	Sega	81	14.95	X360	E	2005
Peter Jackson's King Kong: The Official Game of...	Ubisoft	80	14.95	X360	T	2005
Castlevania: Dawn of Sorrow	Konami	89	17.95	Nintendo DS	T	2005
SpongeBob SquarePants: The Yellow Avenger	THQ	67	13.95	Nintendo DS	E	2005
Marvel Nemesis: Rise of the Imperfects 	EA	58	17.95	Sony PSP	T	2005
Kameo: Elements of Power	Microsoft	79	11.95	X360	T	2005
Advance Wars: Dual Strike	Nintendo	90	17.95	Nintendo DS	T	2005
Trauma Center: Under the Knife	Nintendo	81	15.95	Nintendo DS	T	2005
Coded Arms	Konami	59	12.95	Sony PSP	M	2005
NBA LIVE 06	EA	64	4.95	X360	E	2005
Tony Hawk's American Wasteland	Activision	75	14.95	X360	E	2005
Star Wars: Episode III - Revenge of the Sith	Ubisoft	73	16.95	Nintendo DS	E	2005
Capcom Classics Collection Remixed	Capcom	72	17.95	Sony PSP	E	2005
Madagascar	Activision	66	14.95	Nintendo DS	E	2005
X-Men: Legends II - Rise of Apocalypse	Activision	84	17.95	Sony PSP	M	2005
Quake 4	Activision	75	14.95	X360	E	2005
Pokmon Trozei!	Nintendo	74	19.95	Nintendo DS	E	2005
Need for Speed: Most Wanted	EA	45	15.95	Nintendo DS	E	2005
Mega Man Maverick Hunter X	Capcom	79	17.95	Sony PSP	E	2005
Metroid Prime Pinball	Nintendo	79	17.95	Nintendo DS	E	2005
NBA 06	Sony	72	9.95	Sony PSP	E	2005
GUN 	Activision	75	19.95	X360	E	2005
NBA 2K6	2K	81	4.95	X360	E	2005
Pinball Hall of Fame: The Gottlieb Collection		73	9.95	Sony PSP	T	2005
Harry Potter and the Goblet of Fire	EA	68	17.95	Nintendo DS	T	2005
Tony Hawk's American Sk8land	Activision	84	16.95	Nintendo DS	E	2005
MVP Baseball	EA	67	4.95	Sony PSP	M	2005
Tiger Woods PGA Tour	EA	78	17.95	Sony PSP	E	2005
World Series of Poker	Activision	37	14.95	Sony PSP	E	2005
SSX on Tour	EA	79	16.95	Sony PSP	E	2005
Tiger Woods PGA Tour 06	EA	80	9.95	Sony PSP	T	2005
Death Jr.	Konami	61	9.95	Sony PSP	M	2005
Harry Potter and the Goblet of Fire	EA	70	17.95	Sony PSP	T	2005
MediEvil Resurrection	Sony	66	17.95	Sony PSP	T	2005
"The Chronicles of Narnia: The Lion, the Witch a..."		65	12.95	Nintendo DS	T	2005
Shrek SuperSlam	Activision	56	11.95	Nintendo DS	E	2005
Virtua Tennis: World Tour	Sega	84	14.95	Sony PSP	M	2005
Prince of Persia: Revelations	Ubisoft	65	6.95	Sony PSP	E	2005
Burnout Legends	EA	38	17.95	Nintendo DS	E	2005
Meteos	Nintendo	88	15.95	Nintendo DS	E	2005
Spyro: Shadow Legacy		50	17.95	Nintendo DS	E	2005
The Con	Sony	63	8.95	Sony PSP	E	2005
Infected		74	17.95	Sony PSP	E	2005
Pursuit Force	Sony	75	14.95	Sony PSP	M	2005
Kingdom of Paradise	Sony	72	12.95	Sony PSP	E	2005
Dragon Ball Z: Supersonic Warriors 2	Atari	66	22.95	Nintendo DS	E	2005
Dragon Quest Heroes: Rocket Slime	SquareEnix	83	12.95	Nintendo DS	T	2005
Dead to Rights: Reckoning	Namco	54	14.95	Sony PSP	E	2005
Amped 3	2K	72	14.95	X360	E	2005
Break 'em All		68	17.95	Nintendo DS	T	2005
Lunar: Dragon Song	Ubisoft	59	14.95	Nintendo DS	M	2005
Madden NFL 06	EA	66	9.95	Nintendo DS	E	2005
Retro Atari Classics	Atari	51	12.95	Nintendo DS	E	2005
True Swing Golf	Nintendo	66	14.95	Nintendo DS	E	2005
FIFA Soccer	EA	73	14.95	Sony PSP	E	2005
Metal Gear Ac!d 2	Konami	80	12.95	Sony PSP	E	2005
ATV Quad Frenzy		35	14.95	Nintendo DS	T	2005
Bomberman	Ubisoft	75	17.95	Nintendo DS	E	2005
GoldenEye: Rogue Agent	EA	58	14.95	Nintendo DS	T	2005
Need for Speed Underground 2	EA	65	22.95	Nintendo DS	T	2005
Frogger: Helmet Chaos	Konami	66	19.95	Sony PSP	E	2005
The Lord of the Rings: Tactics	EA	64	19.95	Sony PSP	M	2005
Rengoku: The Tower of Purgatory	Konami	43	12.95	Sony PSP	E	2005
Gretzky NHL	Sony	61	9.95	Sony PSP	E	2005
Ridge Racer 6	"EA,Namco"	74	14.95	X360	E	2005
Ford Racing 3		49	14.95	Nintendo DS	E	2005
NHL 2K6	2K	75	5.95	X360	T	2005
Bust-a-Move DS		75	17.95	Nintendo DS	E	2005
Battles of Prince of Persia	Ubisoft	64	14.95	Nintendo DS	E	2005
GripShift	Ubisoft	70	9.95	Sony PSP	E	2005
Marvel Nemesis: Rise of the Imperfects 	EA	34	14.95	Nintendo DS	T	2005
Scooby-Doo! Unmasked	THQ	60	17.95	Nintendo DS	E	2005
Viewtiful Joe: Double Trouble!	Capcom	73	14.95	Nintendo DS	E	2005
The Legend of Heroes: A Tear of Vermillion		68	17.95	Sony PSP	T	2005
PQ: Practical Intelligence Quotient		69	14.95	Sony PSP	E	2005
Lost in Blue	Konami	69	24.95	Nintendo DS	T	2005
Ghost in the Shell: Stand Alone Complex	Sony	61	14.95	Sony PSP	E	2005
Dig Dug: Digging Strike	Namco	65	16.95	Nintendo DS	E	2005
Frogger: Helmet Chaos	Konami	69	17.95	Nintendo DS	E	2005
Mega Man Battle Network 5: Double Team DS	Capcom	68	17.95	Nintendo DS	E	2005
Nanostray	THQ	71	17.95	Nintendo DS	E	2005
Sega Casino	Sega	61	17.95	Nintendo DS	M	2005
Teenage Mutant Ninja Turtles 3: Mutant Nightmare	Konami	58	17.95	Nintendo DS	T	2005
Pac-Man World 3	"EA,Namco"	61	24.95	Sony PSP	E	2005
Tokobot		72	17.95	Sony PSP	T	2005
Fullmetal Alchemist: Dual Sympathy		58	14.95	Nintendo DS	M	2005
Exit	Ubisoft	77	9.95	Sony PSP	E	2005
Bubble Bobble Revolution		38	17.95	Nintendo DS	M	2005
The Rub Rabbits!	Sega	68	17.95	Nintendo DS	M	2005
Electroplankton	Nintendo	71	29.95	Nintendo DS	T	2005
LifeSigns: Surgical Unit		61	22.95	Nintendo DS	T	2005
Space Invaders Revolution		49	13.95	Nintendo DS	E	2005
Wii Play	Nintendo	58	14.95	Nintendo Wii	T	2006
New Super Mario Bros.	Nintendo	89	27.95	Nintendo DS	T	2006
Pokmon Diamond	Nintendo	85	27.95	Nintendo DS	E	2006
Pokmon Pearl	Nintendo	85	26.95	Nintendo DS	E	2006
Gears of War	Microsoft	94	19.95	X360	M	2006
The Legend of Zelda: Twilight Princess	Nintendo	95	39.95	Nintendo Wii	M	2006
Cooking Mama		67	17.95	Nintendo DS	M	2006
Marvel Ultimate Alliance	Activision	82	14.95	X360	T	2006
Daxter	Sony	85	14.95	Sony PSP	T	2006
The Elder Scrolls IV: Oblivion	2K	94	19.95	X360	E	2006
Madden NFL 07	EA	80	4.95	X360	E	2006
Grand Theft Auto: Vice City Stories	Rockstar	86	17.95	Sony PSP	E	2006
Resistance: Fall of Man	Sony	86	19.95	PlayStation 3	E	2006
MotorStorm	Sony	82	16.95	PlayStation 3	T	2006
Call of Duty 3	Activision	82	16.95	X360	T	2006
Yoshi's Island DS	Nintendo	81	27.95	Nintendo DS	E	2006
Tom Clancy's Ghost Recon: Advanced Warfighter	Ubisoft	90	14.95	X360	E	2006
Fight Night Round 3	EA	86	14.95	X360	E	2006
Pokmon Ranger	Nintendo	69	19.95	Nintendo DS	E	2006
Rayman Raving Rabbids	Ubisoft	76	17.95	Nintendo Wii	T	2006
Saints Row	THQ	81	14.95	X360	T	2006
Tom Clancy's Rainbow Six: Vegas	Ubisoft	88	14.95	X360	E	2006
Dead Rising	Capcom	85	16.95	X360	E	2006
Call of Duty 3	Activision	69	19.95	Nintendo Wii	E	2006
Lost Planet: Extreme Condition	Capcom	79	12.95	X360	M	2006
Mario Hoops 3 on 3	Nintendo	69	22.95	Nintendo DS	M	2006
LEGO Star Wars II: The Original Trilogy	EA	47	17.95	Nintendo DS	E	2006
Super Monkey Ball: Banana Blitz	Sega	74	14.95	Nintendo Wii	T	2006
The Sims 2: Pets	EA	49	14.95	Nintendo DS	T	2006
Need for Speed: Carbon - Own the City	EA	73	16.95	Sony PSP	E	2006
WarioWare: Smooth Moves	Nintendo	83	39.95	Nintendo Wii	T	2006
Fight Night Round 3	EA	83	13.95	PlayStation 3	T	2006
Final Fantasy III	SquareEnix	77	17.95	Nintendo DS	E	2006
SOCOM: U.S. Navy SEALs - Fireteam Bravo 2	Sony	81	16.95	Sony PSP	E	2006
Madden NFL 07	EA	78	9.95	Sony PSP	E	2006
Monster 4x4: World Circuit	Ubisoft	51	12.95	Nintendo Wii	E	2006
Kirby: Squeak Squad	Nintendo	71	27.95	Nintendo DS	T	2006
Pokmon Battle Revolution	Nintendo	53	39.95	Nintendo Wii	T	2006
Medal of Honor: Heroes	EA	71	14.95	Sony PSP	E	2006
Tekken: Dark Resurrection	"Namco,Sony"	88	17.95	Sony PSP	E	2006
Need for Speed: Carbon	EA	77	16.95	X360	E	2006
Mario vs. Donkey Kong 2: March of the Minis	Nintendo	76	27.95	Nintendo DS	T	2006
Sonic Rivals	Sega	64	17.95	Sony PSP	T	2006
NCAA Football 07	EA	79	4.95	X360	E	2006
Mortal Kombat: Unchained	Midway	70	17.95	Sony PSP	E	2006
Tom Clancy's Splinter Cell: Double Agent	Ubisoft	85	17.95	X360	E	2006
Tetris DS	Nintendo	84	17.95	Nintendo DS	M	2006
LEGO Star Wars II: The Original Trilogy		83	17.95	Sony PSP	T	2006
Red Steel	Ubisoft	63	14.95	Nintendo Wii	T	2006
Metroid Prime: Hunters	Nintendo	85	27.95	Nintendo DS	E	2006
LEGO Star Wars II: The Original Trilogy		81	14.95	X360	E	2006
NBA 2K7	2K	84	4.95	X360	E	2006
SEGA Genesis Collection	Sega	82	17.95	Sony PSP	T	2006
Call of Duty 3	Activision	80	19.95	PlayStation 3	T	2006
NBA Live 07	EA	64	7.95	Sony PSP	E	2006
Madden NFL 07	EA	76	6.95	PlayStation 3	T	2006
SpongeBob SquarePants: The Yellow Avenger	THQ	48	12.95	Sony PSP	T	2006
Madden NFL 07	EA	81	9.95	Nintendo Wii	E	2006
Fight Night Round 3	EA	74	16.95	Sony PSP	T	2006
Need for Speed: Carbon	EA	75	17.95	PlayStation 3	T	2006
Need for Speed: Carbon	EA	67	17.95	Nintendo Wii	M	2006
WWE SmackDown vs. Raw 2007	THQ	81	12.95	X360	E	2006
Tiger Woods PGA Tour 07	EA	80	9.95	X360	T	2006
Viva Pi$?ata	Microsoft	84	16.95	X360	E	2006
SpongeBob Squarepants: Creature from the Krusty Krab	THQ	57	14.95	Nintendo Wii	T	2006
Tony Hawk's Project 8	Activision	68	17.95	Sony PSP	M	2006
Tony Hawk's Project 8	Activision	81	16.95	X360	E	2006
NBA LIVE 07	EA	59	4.95	X360	T	2006
Excite Truck	Nintendo	72	19.95	Nintendo Wii	M	2006
Harvest Moon DS		67	17.95	Nintendo DS	T	2006
Star Fox Command	Nintendo	76	14.95	Nintendo DS	T	2006
Metal Gear Solid: Portable Ops	Konami	87	17.95	Sony PSP	T	2006
Marvel Ultimate Alliance	Activision	73	17.95	Nintendo Wii	M	2006
Blazing Angels: Squadrons of WWII	Ubisoft	66	16.95	X360	E	2006
Major League Baseball 2K6	2K	66	4.95	X360	T	2006
NCAA Football 07	EA	75	9.95	Sony PSP	T	2006
MLB 06: The Show	Sony	83	9.95	Sony PSP	T	2006
Blazing Angels: Squadrons of WWII	Ubisoft	67	16.95	PlayStation 3	T	2006
WWE SmackDown vs. Raw 2007	THQ	78	14.95	Sony PSP	T	2006
Rune Factory: A Fantasy Harvest Moon		78	24.95	Nintendo DS	T	2006
Marvel Ultimate Alliance	Activision	81	22.95	Sony PSP	E	2006
Marvel Ultimate Alliance	Activision	78	24.95	PlayStation 3	M	2006
Tiger Woods PGA Tour 07	EA	81	14.95	PlayStation 3	E	2006
Ace Combat X: Skies of Deception	Namco	75	22.95	Sony PSP	E	2006
Killzone: Liberation	Sony	77	16.95	Sony PSP	M	2006
F.E.A.R.: First Encounter Assault Recon		85	17.95	X360	E	2006
NBA 2K7	2K	80	7.95	PlayStation 3	E	2006
Tony Hawk's Project 8	Activision	76	14.95	PlayStation 3	T	2006
Avatar: The Last Airbender	THQ	64	17.95	Nintendo DS	E	2006
Castlevania: Portrait of Ruin	Konami	85	17.95	Nintendo DS	M	2006
Hitman: Blood Money	Eidos	82	22.95	X360	E	2006
Rockstar Games presents Table Tennis	Rockstar	81	9.95	X360	M	2006
Trauma Center: Second Opinion	Nintendo	80	17.95	Nintendo Wii	T	2006
Tenchu Z	Microsoft	56	14.95	X360	E	2006
Elite Beat Agents	Nintendo	87	9.95	Nintendo DS	M	2006
Street Fighter Alpha 3 MAX	Capcom	80	14.95	Sony PSP	M	2006
Blue Dragon	Microsoft	79	14.95	X360	T	2006
The Lord of the Rings: The Battle for Middle Ea...	EA	79	19.95	X360	T	2006
Prey	2K	79	14.95	X360	T	2006
Over the Hedge	Activision	71	16.95	Nintendo DS	E	2006
Capcom Classics Collection Reloaded	Capcom	75	17.95	Sony PSP	T	2006
Pirates of the Caribbean: Dead Man's Chest		52	14.95	Sony PSP	T	2006
NHL 07	EA	79	5.95	X360	T	2006
Monster Hunter Freedom	Capcom	71	12.95	Sony PSP	E	2006
Chromehounds	Sega	71	14.95	X360	T	2006
Test Drive Unlimited	Atari	82	17.95	X360	T	2006
Dragon Ball Z: Budokai Tenkaichi 2	Atari	72	14.95	Nintendo Wii	E	2006
Dragon Quest Monsters: Joker	SquareEnix	75	14.95	Nintendo DS	T	2006
Pirates of the Caribbean: Dead Man's Chest		63	11.95	Nintendo DS	E	2006
NFL Street 3	EA	68	14.95	Sony PSP	T	2006
Syphon Filter: Dark Mirror	Sony	87	12.95	Sony PSP	M	2006
NBA 07	Sony	63	6.95	PlayStation 3	T	2006
Ridge Racer 7	"Namco,Sony"	78	19.95	PlayStation 3	E	2006
The Outfit	THQ	70	14.95	X360	E	2006
Elebits	Konami	75	14.95	Nintendo Wii	T	2006
Tony Hawk's Downhill Jam	Activision	76	14.95	Nintendo DS	T	2006
The Sims 2: Pets	EA	57	17.95	Sony PSP	T	2006
Tiger Woods PGA Tour 07	EA	78	12.95	Sony PSP	E	2006
Thrillville	Atari	72	14.95	Sony PSP	E	2006
The Godfather: The Game	EA	77	17.95	X360	T	2006
Rampage: Total Destruction	Midway	46	16.95	Nintendo Wii	E	2006
College Hoops 2K7	2K	82	6.95	X360	T	2006
Far Cry: Instincts - Predator	Ubisoft	78	17.95	X360	E	2006
Full Auto	Sega	70	16.95	X360	E	2006
Age of Empires: The Age of Kings		80	17.95	Nintendo DS	T	2006
Need for Speed: Carbon - Own the City	EA	70	14.95	Nintendo DS	T	2006
Brothers in Arms: D-Day	Ubisoft	65	6.95	Sony PSP	T	2006
Family Guy Video Game!	2K	51	19.95	Sony PSP	M	2006
Superman Returns	EA	51	7.95	X360	E	2006
Over G Fighters	Ubisoft	49	17.95	X360	E	2006
Final Fantasy XI Online	SquareEnix	66	4.95	X360	E	2006
Mystery Dungeon: Shiren the Wanderer	Sega	69	17.95	Nintendo DS	T	2006
Phoenix Wright: Ace Attorney - Justice for All	Capcom	76	13.95	Nintendo DS	E	2006
Justice League Heroes		72	17.95	Sony PSP	M	2006
Valhalla Knights		53	16.95	Sony PSP	T	2006
Genji: Days of the Blade	Sony	55	14.95	PlayStation 3	T	2006
Top Spin 2	2K	75	12.95	X360	T	2006
Field Commander	"Sony,Ubisoft"	77	14.95	Sony PSP	T	2006
Children of Mana	"Nintendo,SquareEnix"	65	16.95	Nintendo DS	E	2006
Valkyrie Profile: Lenneth	SquareEnix	80	22.95	Sony PSP	E	2006
Monster House	THQ	62	14.95	Nintendo DS	M	2006
Enchanted Arms	Ubisoft	69	17.95	X360	E	2006
NHL 07	EA	76	12.95	Sony PSP	M	2006
Bust-a-Move Deluxe		73	14.95	Sony PSP	M	2006
Full Auto 2: Battlelines	Sega	67	14.95	PlayStation 3	T	2006
Blitz: The League	Midway	69	14.95	X360	T	2006
Star Trek Legacy	Ubisoft	64	24.95	X360	E	2006
Eragon		63	16.95	Nintendo DS	E	2006
Master of Illusion	Nintendo	69	14.95	Nintendo DS	E	2006
Mega Man ZX	Capcom	76	19.95	Nintendo DS	T	2006
Untold Legends: The Warrior's Code	"Sony,Ubisoft"	65	14.95	Sony PSP	T	2006
Super Swing Golf		72	16.95	Nintendo Wii	T	2006
X-Men: The Official Game	Activision	52	14.95	X360	M	2006
Untold Legends: Dark Kingdom	"EA,Sony"	58	16.95	PlayStation 3	E	2006
Happy Feet	Midway	46	14.95	Nintendo Wii	E	2006
Open Season	Ubisoft	72	17.95	Nintendo DS	T	2006
Dungeon Siege: Throne of Agony	2K	74	24.95	Sony PSP	E	2006
LocoRoco	Sony	83	17.95	Sony PSP	T	2006
Dead or Alive: Xtreme 2		53	14.95	X360	T	2006
Fuzion Frenzy 2	Microsoft	49	14.95	X360	T	2006
MotoGP '06	THQ	80	14.95	X360	M	2006
Lumines II		81	14.95	Sony PSP	E	2006
Major League Baseball 2K6	2K	69	4.95	Sony PSP	M	2006
Star Wars: Lethal Alliance	Ubisoft	61	17.95	Sony PSP	T	2006
Worms: Open Warfare	THQ	70	17.95	Sony PSP	T	2006
Eragon		59	14.95	Sony PSP	E	2006
Metal Slug Anthology		73	16.95	Nintendo Wii	T	2006
Open Season	Ubisoft	59	14.95	X360	E	2006
Tom Clancy's Splinter Cell: Double Agent	Ubisoft	61	17.95	Nintendo Wii	T	2006
Avatar: The Last Airbender	THQ	57	17.95	Sony PSP	E	2006
Lemmings	Sony	76	17.95	Sony PSP	E	2006
Mega Man Powered Up	Capcom	82	16.95	Sony PSP	E	2006
College Hoops 2K6	2K	70	6.95	X360	E	2006
Dynasty Warriors 5: Empires		61	14.95	X360	T	2006
Magical Starsign	Nintendo	69	9.95	Nintendo DS	E	2006
Resident Evil: Deadly Silence	Capcom	71	17.95	Nintendo DS	E	2006
X-Men: The Official Game	Activision	50	14.95	Nintendo DS	E	2006
Cabela's African Safari	Activision	53	17.95	X360	E	2006
Cabela's Alaskan Adventures	Activision	48	17.95	X360	E	2006
Armored Core 4	Sega	65	19.95	PlayStation 3	E	2006
Eragon		48	12.95	X360	T	2006
LostMagic	Ubisoft	68	14.95	Nintendo DS	T	2006
Magnetica	Nintendo	68	17.95	Nintendo DS	T	2006
Def Jam Fight for NY: The Takeover	EA	79	17.95	Sony PSP	T	2006
NASCAR 07	EA	66	24.95	Sony PSP	T	2006
The Ant Bully	Midway	45	16.95	Nintendo Wii	T	2006
Just Cause	Eidos	73	16.95	X360	E	2006
Onechanbara: Bikini Samurai Squad		39	19.95	X360	E	2006
Phantasy Star Universe	Sega	64	24.95	X360	E	2006
Project Sylpheed: Arc of Deception	"Microsoft,SquareEnix"	64	14.95	X360	T	2006
Winning Eleven: Pro Evolution Soccer 2007	Konami	80	11.95	X360	E	2006
Kororinpa: Marble Mania	Nintendo	69	17.95	Nintendo Wii	T	2006
Digimon World DS	Namco	49	27.95	Nintendo DS	E	2006
Justice League Heroes		43	17.95	Nintendo DS	E	2006
Innocent Life: A Futuristic Harvest Moon		67	17.95	Sony PSP	E	2006
Power Stone Collection	Capcom	74	14.95	Sony PSP	M	2006
EA Replay	EA	56	14.95	Sony PSP	E	2006
Open Season	Ubisoft	49	17.95	Nintendo Wii	M	2006
Samurai Warriors 2		52	14.95	X360	M	2006
Far Cry: Vengeance	Ubisoft	38	16.95	Nintendo Wii	E	2006
Import Tuner Challenge	Ubisoft	54	17.95	X360	E	2006
Contact		73	14.95	Nintendo DS	E	2006
Touch Detective		60	14.95	Nintendo DS	T	2006
FIFA Street 2	EA	58	17.95	Sony PSP	T	2006
007: From Russia with Love	EA	61	17.95	Sony PSP	T	2006
PaRappa the Rapper	Sony	67	12.95	Sony PSP	T	2006
Riviera: The Promised Land		68	17.95	Sony PSP	M	2006
Samurai Warriors: State of War		64	17.95	Sony PSP	E	2006
Viewtiful Joe: Red Hot Rumble	Capcom	63	14.95	Sony PSP	E	2006
Ice Age 2: The Meltdown		66	17.95	Nintendo Wii	E	2006
Rumble Roses XX	Konami	62	17.95	X360	E	2006
Bionicle Heroes	Eidos	72	16.95	Nintendo DS	T	2006
Deep Labyrinth		57	10.95	Nintendo DS	T	2006
Blade Dancer: Lineage of Light		60	16.95	Sony PSP	E	2006
Every Extend Extra		74	11.95	Sony PSP	E	2006
Ultimate Ghosts 'N' Goblins	Capcom	72	17.95	Sony PSP	E	2006
Xiaolin Showdown	Konami	44	14.95	Sony PSP	M	2006
Bionicle Heroes	Eidos	59	14.95	X360	T	2006
Bullet Witch	Atari	55	16.95	X360	M	2006
Death Jr. II: Root of Evil	Konami	68	14.95	Sony PSP	E	2006
Alex Rider: Stormbreaker	THQ	48	12.95	Nintendo DS	M	2006
Cartoon Network Racing		55	14.95	Nintendo DS	E	2006
Guilty Gear: Dust Strikers		60	14.95	Nintendo DS	E	2006
Gunpey DS	Namco	70	12.95	Nintendo DS	E	2006
Lara Croft Tomb Raider: Legend	Eidos	58	17.95	Nintendo DS	E	2006
Worms: Open Warfare	THQ	64	17.95	Nintendo DS	E	2006
Mercury Meltdown		78	12.95	Sony PSP	M	2006
MTX Mototrax	Activision	67	19.95	Sony PSP	M	2006
Snoopy vs. the Red Baron	Namco	76	17.95	Sony PSP	E	2006
Super Monkey Ball Adventure	Sega	56	24.95	Sony PSP	E	2006
Ys VI: The Ark of Napishtim	Konami	64	16.95	Sony PSP	E	2006
Bomberman Land Touch!		78	24.95	Nintendo DS	E	2006
Point Blank DS	"Atari,Namco"	66	17.95	Nintendo DS	M	2006
Scurge: Hive		70	8.95	Nintendo DS	M	2006
Star Trek: Tactical Assault	Ubisoft	63	17.95	Nintendo DS	T	2006
Tao's Adventure: Curse of the Demon Seal	Konami	50	14.95	Nintendo DS	E	2006
Ford Bold Moves Street Racing	Eidos	52	17.95	Sony PSP	T	2006
Gitaroo Man Lives!		80	22.95	Sony PSP	E	2006
Gradius Collection	Konami	76	17.95	Sony PSP	T	2006
The Legend of Heroes II: Prophecy of the Moonli...	Namco	63	17.95	Sony PSP	E	2006
Pac-Man World Rally	Namco	51	17.95	Sony PSP	T	2006
Bomberman: Act Zero	Konami	34	12.95	X360	E	2006
Earth Defense Force 2017		69	17.95	X360	T	2006
WarTech: Senko no Ronde	Ubisoft	60	12.95	X360	T	2006
MechAssault: Phantom War		66	12.95	Nintendo DS	E	2006
Astonishia Story	Ubisoft	48	16.95	Sony PSP	T	2006
B-Boy	Sony	50	17.95	Sony PSP	E	2006
BattleZone	Atari	57	14.95	Sony PSP	E	2006
Bounty Hounds	Namco	63	17.95	Sony PSP	T	2006
Bubble Bobble Evolution		47	12.95	Sony PSP	E	2006
MotoGP	Sony	69	32.95	Sony PSP	E	2006
OutRun 2006: Coast 2 Coast	Sega	82	17.95	Sony PSP	E	2006
Warhammer: Battle for Atluma	Namco	55	17.95	Sony PSP	M	2006
SBK: Snowboard Kids		63	19.95	Nintendo DS	E	2006
Tenchu: Dark Secret	Nintendo	37	14.95	Nintendo DS	E	2006
Dungeon Maker: Hunting Ground		70	14.95	Sony PSP	E	2006
Metal Gear Solid: Digital Graphic Novel	Konami	78	17.95	Sony PSP	T	2006
Star Trek: Tactical Assault	Ubisoft	64	17.95	Sony PSP	E	2006
Micro Machines V4		61	17.95	Sony PSP	E	2006
Platypus		59	14.95	Sony PSP	T	2006
Custom Robo Arena	Nintendo	74	17.95	Nintendo DS	T	2006
Gurumin: A Monstrous Adventure		78	13.95	Sony PSP	T	2006
Spider-Man 3	Ubisoft	58	6.95	Sony PSP	M	2006
Wii Fit	Nintendo	80	24.95	Nintendo Wii	T	2007
Halo 3	Microsoft	94	24.95	X360	E	2007
Call of Duty 4: Modern Warfare	Activision	94	29.95	X360	E	2007
Super Mario Galaxy	Nintendo	97	39.95	Nintendo Wii	E	2007
Mario Party DS	Nintendo	72	27.95	Nintendo DS	T	2007
Mario Party 8	Nintendo	62	39.95	Nintendo Wii	T	2007
Guitar Hero III: Legends of Rock	Activision	85	12.95	X360	T	2007
Link's Crossbow Training	Nintendo	68	14.95	Nintendo Wii	E	2007
Guitar Hero III: Legends of Rock	Activision	86	49.95	Nintendo Wii	T	2007
Assassin's Creed	Ubisoft	81	16.95	X360	T	2007
LEGO Star Wars: The Complete Saga		80	17.95	Nintendo Wii	M	2007
Call of Duty 4: Modern Warfare	Activision	94	24.95	PlayStation 3	E	2007
Mario & Sonic at the Olympic Games	"Nintendo,Sega"	67	29.95	Nintendo Wii	E	2007
LEGO Star Wars: The Complete Saga		80	17.95	Nintendo DS	E	2007
Forza Motorsport 2	Microsoft	90	12.95	X360	T	2007
Madden NFL 08	EA	85	9.95	X360	E	2007
Guitar Hero II	Activision	92	17.95	X360	T	2007
Rock Band		92	14.95	X360	E	2007
The Legend of Zelda: Phantom Hourglass	Nintendo	90	24.95	Nintendo DS	E	2007
Pokmon Mystery Dungeon: Explorers of Darkness	Nintendo	59	15.95	Nintendo DS	E	2007
Pokmon Mystery Dungeon: Explorers of Time	Nintendo	59	24.95	Nintendo DS	T	2007
Assassin's Creed	Ubisoft	81	17.95	PlayStation 3	T	2007
Uncharted: Drake's Fortune	Sony	88	24.95	PlayStation 3	T	2007
Mass Effect	Microsoft	91	17.95	X360	T	2007
Cooking Mama 2: Dinner with Friends		70	17.95	Nintendo DS	E	2007
BioShock	2K	96	16.95	X360	T	2007
Super Paper Mario	Nintendo	85	29.95	Nintendo Wii	E	2007
Game Party	Midway	25	14.95	Nintendo Wii	T	2007
Ratchet & Clank: Size Matters	Sony	85	14.95	Sony PSP	E	2007
Dance Dance Revolution Hottest Party	Konami	73	17.95	Nintendo Wii	T	2007
Cooking Mama: Cook Off		61	14.95	Nintendo Wii	M	2007
Gran Turismo 5: Prologue	Sony	80	24.95	PlayStation 3	E	2007
Professor Layton and the Curious Village	Nintendo	85	23.95	Nintendo DS	E	2007
Resident Evil 4	Capcom	91	16.95	Nintendo Wii	T	2007
The Elder Scrolls IV: Oblivion	Ubisoft	93	17.95	PlayStation 3	T	2007
Transformers: Autobots	Activision	67	17.95	Nintendo DS	E	2007
Transformers: Decepticons	Activision	66	17.95	Nintendo DS	M	2007
Diddy Kong Racing DS	Nintendo	63	24.95	Nintendo DS	T	2007
Big Brain Academy: Wii Degree	Nintendo	68	19.95	Nintendo Wii	M	2007
Need for Speed: ProStreet	EA	72	16.95	X360	T	2007
Deal or No Deal		20	11.95	Nintendo DS	E	2007
LEGO Star Wars: The Complete Saga		80	17.95	X360	T	2007
Sonic and the Secret Rings	Sega	69	16.95	Nintendo Wii	E	2007
The Orange Box		96	17.95	X360	E	2007
Crackdown	Microsoft	83	14.95	X360	M	2007
Rock Band		92	14.95	PlayStation 3	M	2007
Tiger Woods PGA Tour 08	EA	72	17.95	Nintendo Wii	T	2007
WWE Smackdown vs. Raw 2008	THQ	71	12.95	X360	T	2007
Madden NFL 08	EA	81	9.95	PlayStation 3	T	2007
Call of Duty 4: Modern Warfare	Activision	75	19.95	Nintendo DS	T	2007
MySims	EA	68	17.95	Nintendo Wii	T	2007
Mario Strikers Charged	Nintendo	79	29.95	Nintendo Wii	E	2007
Star Wars Battlefront: Renegade Squadron		73	16.95	Sony PSP	T	2007
Flash Focus: Vision Training in Minutes a Day	Nintendo	59	17.95	Nintendo DS	T	2007
Metroid Prime 3: Corruption	Nintendo	90	19.95	Nintendo Wii	T	2007
Tom Clancy's Ghost Recon: Advanced Warfighter 2...	Ubisoft	86	14.95	X360	T	2007
Madden NFL 08	EA	76	12.95	Nintendo Wii	M	2007
Ratchet & Clank Future: Tools of Destruction	Sony	89	22.95	PlayStation 3	E	2007
LEGO Star Wars: The Complete Saga		80	17.95	PlayStation 3	M	2007
Rayman Raving Rabbids 2	Ubisoft	67	17.95	Nintendo Wii	T	2007
NBA 2K8	2K	81	9.95	X360	M	2007
Namco Museum DS	Namco	67	17.95	Nintendo DS	E	2007
Need for Speed: ProStreet	EA	73	16.95	PlayStation 3	T	2007
Blazing Angels: Squadrons of WWII	Ubisoft	57	16.95	Nintendo Wii	E	2007
Drawn to Life	THQ	73	17.95	Nintendo DS	T	2007
EA Playground	EA	66	17.95	Nintendo Wii	T	2007
Major League Baseball 2K7	2K	79	9.95	X360	E	2007
Resident Evil: The Umbrella Chronicles	"Capcom,Nintendo"	75	19.95	Nintendo Wii	T	2007
NCAA Football 08	EA	81	9.95	X360	E	2007
Spectrobes		63	14.95	Nintendo DS	E	2007
The Sims 2: Castaway	EA	66	16.95	Nintendo DS	M	2007
WWE Smackdown vs. Raw 2008	THQ	74	14.95	PlayStation 3	E	2007
Madden NFL 08	EA	75	9.95	Sony PSP	E	2007
NBA Live 08	EA	73	9.95	PlayStation 3	M	2007
The Simpsons Game	EA	69	17.95	Nintendo DS	M	2007
Ace Combat 6: Fires of Liberation	Namco	80	19.95	X360	E	2007
Heavenly Sword	Sony	79	24.95	PlayStation 3	E	2007
Ninja Gaiden Sigma		88	19.95	PlayStation 3	E	2007
Ben 10: Protector of the Earth		63	16.95	Nintendo Wii	T	2007
The Simpsons Game	EA	71	17.95	X360	T	2007
CrossworDS		67	17.95	Nintendo DS	T	2007
Sonic Rush Adventure	Sega	78	24.95	Nintendo DS	T	2007
Tiger Woods PGA Tour 08	EA	80	14.95	X360	T	2007
Tony Hawk's Proving Ground	Activision	72	16.95	X360	T	2007
Call of Duty: Roads to Victory	Activision	64	24.95	Sony PSP	E	2007
Transformers: The Game	Activision	52	14.95	X360	M	2007
NBA 2K8	2K	81	9.95	PlayStation 3	M	2007
Medal of Honor: Heroes 2	EA	69	17.95	Sony PSP	E	2007
Spider-Man 3	Activision	63	11.95	X360	E	2007
Tom Clancy's Rainbow Six: Vegas	Ubisoft	86	16.95	PlayStation 3	E	2007
Need for Speed: ProStreet	EA	61	16.95	Nintendo Wii	M	2007
NBA LIVE 08	EA	73	9.95	X360	T	2007
Dance Dance Revolution Universe 2	Konami	65	19.95	X360	T	2007
MX vs. ATV Untamed	THQ	70	17.95	X360	T	2007
Final Fantasy IV	SquareEnix	85	17.95	Nintendo DS	T	2007
NBA Street Homecourt	EA	80	7.95	X360	T	2007
The Simpsons Game	EA	64	17.95	Nintendo Wii	T	2007
Winter Sports: The Ultimate Challenge		52	16.95	Nintendo Wii	E	2007
WWE Smackdown vs. Raw 2008	THQ	68	16.95	Sony PSP	E	2007
Tiger Woods PGA Tour 07	EA	71	17.95	Nintendo Wii	T	2007
Crash of the Titans		73	17.95	Nintendo DS	T	2007
Sonic Rivals 2	Sega	60	22.95	Sony PSP	M	2007
Boogie	EA	57	17.95	Nintendo Wii	T	2007
Medal of Honor: Airborne	EA	73	17.95	X360	E	2007
The Sims 2: Castaway	EA	73	17.95	Nintendo Wii	T	2007
Spider-Man 3	Activision	53	14.95	Nintendo Wii	T	2007
Lost Odyssey	Microsoft	78	19.95	X360	T	2007
Bee Movie Game	Activision	58	17.95	Nintendo DS	E	2007
Spider-Man 3	Activision	79	16.95	Nintendo DS	M	2007
Final Fantasy Tactics	SquareEnix	88	17.95	Sony PSP	M	2007
Endless Ocean	Nintendo	72	24.95	Nintendo Wii	E	2007
SingStar	Sony	82	14.95	PlayStation 3	E	2007
Ratatouille	THQ	62	19.95	Nintendo Wii	T	2007
The Sims 2: Pets	EA	65	22.95	Nintendo Wii	T	2007
Two Worlds		50	14.95	X360	M	2007
Crash of the Titans		69	17.95	Nintendo Wii	E	2007
Sonic the Hedgehog	Sega	46	14.95	X360	T	2007
Mega Man Star Force: Dragon	Capcom	60	27.95	Nintendo DS	T	2007
Sonic the Hedgehog	Sega	43	16.95	PlayStation 3	M	2007
Harry Potter and the Order of the Phoenix	EA	69	24.95	Nintendo Wii	T	2007
Nicktoons: Attack of the Toybots	THQ	60	14.95	Nintendo Wii	T	2007
WWE Smackdown vs. Raw 2008	THQ	59	12.95	Nintendo Wii	M	2007
The Simpsons Game	EA	71	17.95	PlayStation 3	E	2007
DiRT		83	17.95	X360	E	2007
Kane & Lynch: Dead Men	Eidos	65	14.95	X360	E	2007
Jam Sessions	Ubisoft	72	8.95	Nintendo DS	T	2007
Monster Hunter Freedom 2	Capcom	72	12.95	Sony PSP	T	2007
Shadowrun	Microsoft	66	12.95	X360	E	2007
Thrillville: Off the Rails		70	16.95	Nintendo Wii	E	2007
Tony Hawk's Proving Ground	Activision	73	12.95	PlayStation 3	E	2007
My Word Coach	Ubisoft	71	15.95	Nintendo DS	T	2007
The World Ends With You	SquareEnix	88	17.95	Nintendo DS	M	2007
The BIGS	2K	66	17.95	Nintendo Wii	M	2007
NCAA Football 08	EA	77	9.95	PlayStation 3	T	2007
Final Fantasy Tactics A2: Grimoire of the Rift	SquareEnix	80	17.95	Nintendo DS	E	2007
Beowulf: The Game	Ubisoft	51	12.95	X360	E	2007
The Darkness	2K	82	14.95	X360	M	2007
Tom Clancy's Ghost Recon: Advanced Warfighter 2...	Ubisoft	84	17.95	PlayStation 3	T	2007
Final Fantasy	SquareEnix	67	17.95	Sony PSP	T	2007
Lair	Sony	53	19.95	PlayStation 3	E	2007
Transformers: The Game	Activision	53	17.95	Nintendo Wii	T	2007
Command & Conquer 3: Tiberium Wars	EA	82	24.95	X360	T	2007
Overlord		76	17.95	X360	M	2007
Diner Dash		64	17.95	Nintendo DS	T	2007
Medal of Honor: Heroes 2	EA	73	19.95	Nintendo Wii	E	2007
MX vs. ATV Untamed	THQ	67	17.95	PlayStation 3	T	2007
Time Crisis 4	Namco	60	24.95	PlayStation 3	M	2007
Dragon Ball Z: Budokai Tenkaichi 3	Atari	72	17.95	Nintendo Wii	E	2007
Final Fantasy XII: Revenant Wings	SquareEnix	81	19.95	Nintendo DS	T	2007
SOCOM: U.S. Navy SEALs - Tactical Strike	Sony	72	14.95	Sony PSP	M	2007
Unreal Tournament III	Midway	86	16.95	PlayStation 3	M	2007
Bee Movie Game	Activision	62	14.95	Nintendo Wii	E	2007
Def Jam: Icon	EA	69	17.95	X360	M	2007
Transformers: The Game	Activision	54	17.95	PlayStation 3	E	2007
TimeShift		70	12.95	X360	M	2007
SSX Blur	EA	74	17.95	Nintendo Wii	E	2007
Bleach: The Blade of Fate	Sega	83	17.95	Nintendo DS	E	2007
EA Playground	EA	60	11.95	Nintendo DS	E	2007
Final Fantasy II	SquareEnix	63	17.95	Sony PSP	E	2007
The Eye of Judgment	Sony	75	12.95	PlayStation 3	E	2007
MLB 07: The Show	Sony	77	9.95	PlayStation 3	T	2007
Virtua Fighter 5	Sega	85	14.95	PlayStation 3	M	2007
NiGHTS: Journey of Dreams	Sega	69	14.95	Nintendo Wii	M	2007
Puzzle Quest: Challenge of the Warlords		82	17.95	Nintendo DS	E	2007
NBA Live 08	EA	73	14.95	Sony PSP	E	2007
Kane & Lynch: Dead Men	Eidos	64	19.95	PlayStation 3	E	2007
Crash of the Titans		65	17.95	X360	E	2007
Harry Potter and the Order of the Phoenix	EA	51	17.95	Nintendo DS	E	2007
SimCity DS	EA	69	14.95	Nintendo DS	T	2007
Wario: Master of Disguise	Nintendo	60	14.95	Nintendo DS	E	2007
No More Heroes	Ubisoft	83	17.95	Nintendo Wii	M	2007
BlackSite: Area 51	Midway	62	17.95	X360	E	2007
Shrek the Third	Activision	56	14.95	X360	E	2007
Shrek the Third	Activision	70	16.95	Nintendo DS	T	2007
Surf's Up	Ubisoft	56	14.95	Nintendo DS	T	2007
MLB 07: The Show	Sony	82	9.95	Sony PSP	E	2007
TMNT	Ubisoft	58	19.95	X360	E	2007
Spider-Man: Friend or Foe	Activision	60	17.95	X360	E	2007
Contra 4	Konami	83	17.95	Nintendo DS	T	2007
Phoenix Wright: Ace Attorney - Trials and Tribu...	Capcom	81	17.95	Nintendo DS	T	2007
Disney Pirates of the Caribbean: At World's End	Disney	66	14.95	Nintendo DS	T	2007
Dragon Ball Z: Shin Budokai - Another Road	"Atari,Namco"	65	16.95	Sony PSP	E	2007
Spider-Man 3	Activision	60	17.95	PlayStation 3	E	2007
The Golden Compass	Sega	41	9.95	X360	M	2007
Stuntman: Ignition	THQ	75	14.95	X360	T	2007
Chicken Shoot		27	12.95	Nintendo Wii	E	2007
Shrek the Third	Activision	57	16.95	Nintendo Wii	E	2007
DK: Jungle Climber	Nintendo	77	24.95	Nintendo DS	T	2007
Dragon Quest IV: Chapters of the Chosen	SquareEnix	80	24.95	Nintendo DS	T	2007
300: March to Glory	Eidos	55	14.95	Sony PSP	E	2007
Fire Emblem: Radiant Dawn	Nintendo	78	34.95	Nintendo Wii	T	2007
The Golden Compass	Sega	35	14.95	Nintendo Wii	E	2007
Manhunt 2	Rockstar	62	19.95	Nintendo Wii	E	2007
NASCAR 08	EA	59	12.95	X360	E	2007
Virtua Tennis 3	Sega	80	19.95	PlayStation 3	E	2007
All-Pro Football 2K8	2K	75	7.95	X360	T	2007
Major League Baseball 2K7	2K	74	7.95	PlayStation 3	M	2007
The Warriors	Rockstar	52	17.95	Sony PSP	T	2007
Ghost Rider	2K	49	16.95	Sony PSP	T	2007
Tony Hawk's Proving Ground	Activision	57	16.95	Nintendo Wii	E	2007
Juiced 2: Hot Import Nights	THQ	68	14.95	X360	E	2007
Juiced 2: Hot Import Nights	THQ	72	13.95	Nintendo DS	T	2007
The Simpsons Game	EA	59	16.95	Sony PSP	M	2007
Syphon Filter: Logan's Shadow	Sony	85	16.95	Sony PSP	T	2007
Tiger Woods PGA Tour 08	EA	79	12.95	PlayStation 3	T	2007
Ratatouille	THQ	56	16.95	X360	T	2007
Trauma Center: New Blood	Nintendo	77	17.95	Nintendo Wii	E	2007
Hotel Dusk: Room 215	Nintendo	78	14.95	Nintendo DS	E	2007
Mega Man ZX Advent	Capcom	78	17.95	Nintendo DS	T	2007
Silent Hill: 0rigins	Konami	78	17.95	Sony PSP	E	2007
Harry Potter and the Order of the Phoenix	EA	68	16.95	X360	M	2007
NHL 08	EA	85	9.95	X360	E	2007
Castlevania: The Dracula X Chronicles	Konami	80	16.95	Sony PSP	E	2007
Tony Hawk's Proving Ground	Activision	39	13.95	Nintendo DS	M	2007
Jeanne d'Arc	Sony	87	19.95	Sony PSP	T	2007
BWii: Battalion Wars 2	Nintendo	75	14.95	Nintendo Wii	T	2007
Battlestations: Midway	Eidos	73	17.95	X360	T	2007
Dragon Ball Z: Harukanaru Densetsu	Atari	57	14.95	Nintendo DS	T	2007
Touch the Dead		56	16.95	Nintendo DS	T	2007
The Darkness	2K	80	14.95	PlayStation 3	E	2007
Donkey Kong Barrel Blast	Nintendo	46	29.95	Nintendo Wii	T	2007
The BIGS	2K	79	12.95	X360	M	2007
Armored Core 4	Sega	65	17.95	X360	E	2007
Etrian Odyssey	Nintendo	75	24.95	Nintendo DS	E	2007
Ben 10: Protector of the Earth		60	16.95	Sony PSP	T	2007
Tom Clancy's Splinter Cell: Double Agent	Ubisoft	78	22.95	PlayStation 3	M	2007
Looney Tunes: Acme Arsenal		27	14.95	Nintendo Wii	T	2007
Zack & Wiki: Quest for Barbaros' Treasure	Capcom	87	17.95	Nintendo Wii	E	2007
Monster Jam	Activision	43	17.95	X360	M	2007
Virtua Fighter 5	Sega	89	17.95	X360	E	2007
Lunar Knights	Konami	82	16.95	Nintendo DS	T	2007
Enchanted Arms	Ubisoft	64	17.95	PlayStation 3	E	2007
F.E.A.R.: First Encounter Assault Recon		72	17.95	PlayStation 3	T	2007
Folklore	Sony	75	24.95	PlayStation 3	E	2007
Juiced 2: Hot Import Nights	THQ	71	17.95	PlayStation 3	T	2007
The Elder Scrolls IV: Shivering Isles		86	24.95	X360	E	2007
NHL 08	EA	86	9.95	PlayStation 3	T	2007
NCAA 07 March Madness	EA	67	7.95	X360	E	2007
Rayman Raving Rabbids	Ubisoft	67	16.95	X360	M	2007
Viva Pi$?ata: Party Animals	Microsoft	56	14.95	X360	T	2007
Warriors Orochi		53	19.95	X360	E	2007
Luminous Arc		70	24.95	Nintendo DS	T	2007
Picross DS	Nintendo	83	17.95	Nintendo DS	E	2007
Harry Potter and the Order of the Phoenix	EA	67	17.95	PlayStation 3	E	2007
College Hoops 2K7	2K	81	6.95	PlayStation 3	E	2007
The BIGS	2K	80	22.95	PlayStation 3	T	2007
Stuntman: Ignition	THQ	76	16.95	PlayStation 3	E	2007
Mortal Kombat: Armageddon	Midway	71	24.95	Nintendo Wii	E	2007
Def Jam: Icon	EA	68	16.95	PlayStation 3	E	2007
Soulcalibur Legends	Namco	52	16.95	Nintendo Wii	E	2007
Surf's Up	Ubisoft	64	16.95	Nintendo Wii	T	2007
Planet Puzzle League	Nintendo	86	17.95	Nintendo DS	E	2007
DiRT		83	17.95	PlayStation 3	E	2007
TMNT	Ubisoft	60	17.95	Nintendo Wii	E	2007
Soldier of Fortune: Payback	Activision	50	13.95	X360	M	2007
Dynasty Warriors: Gundam	Namco	60	22.95	PlayStation 3	E	2007
Disney Pirates of the Caribbean: At World's End	Disney	55	14.95	PlayStation 3	M	2007
Bee Movie Game	Activision	71	12.95	X360	T	2007
Dynasty Warriors: Gundam	Namco	55	22.95	X360	M	2007
Golden Axe	Sega	45	14.95	X360	M	2007
Dementium: The Ward		72	17.95	Nintendo DS	M	2007
Rondo of Swords		69	19.95	Nintendo DS	E	2007
Disgaea: Afternoon of Darkness		87	17.95	Sony PSP	M	2007
NASCAR 08	EA	57	14.95	PlayStation 3	M	2007
Dragon Quest Swords: The Masked Queen and the T...	SquareEnix	65	16.95	Nintendo Wii	T	2007
Call of Juarez	Ubisoft	71	14.95	X360	E	2007
College Hoops 2K8	2K	81	9.95	X360	M	2007
Eternal Sonata	Namco	79	27.95	X360	M	2007
Kingdom Under Fire: Circle of Doom	Microsoft	55	14.95	X360	E	2007
Vampire Rain	Microsoft	38	11.95	X360	T	2007
All-Pro Football 2K8	2K	73	9.95	PlayStation 3	T	2007
Mercury Meltdown		77	12.95	Nintendo Wii	E	2007
Conan	THQ	69	17.95	PlayStation 3	E	2007
Godzilla: Unleashed	Atari	44	24.95	Nintendo Wii	E	2007
NBA Live 08	EA	52	14.95	Nintendo Wii	M	2007
Conan	THQ	69	14.95	X360	E	2007
Spider-Man: Friend or Foe	Activision	59	17.95	Nintendo Wii	T	2007
College Hoops 2K8	2K	82	12.95	PlayStation 3	M	2007
NBA 08	Sony	63	9.95	PlayStation 3	M	2007
Thrillville: Off the Rails		73	17.95	X360	E	2007
Geometry Wars: Galaxies		79	14.95	Nintendo DS	T	2007
Rayman Raving Rabbids	Ubisoft	56	17.95	Nintendo DS	M	2007
WordJong		77	17.95	Nintendo DS	M	2007
"Warhammer 40,000: Squad Command"	THQ	67	17.95	Sony PSP	T	2007
Beowulf: The Game	Ubisoft	51	12.95	PlayStation 3	T	2007
The Golden Compass	Sega	40	12.95	PlayStation 3	M	2007
Scarface: The World is Yours		71	22.95	Nintendo Wii	M	2007
Hot Wheels: Beat That!	Activision	43	19.95	X360	T	2007
NHL 2K8	2K	71	6.95	X360	T	2007
NBA Street Homecourt	EA	81	14.95	PlayStation 3	E	2007
Geometry Wars: Galaxies		80	16.95	Nintendo Wii	T	2007
Final Fantasy: Crystal Chronicles - Echoes of Time	SquareEnix	75	24.95	Nintendo DS	T	2007
Godzilla Unleashed: Double Smash	Atari	28	17.95	Nintendo DS	T	2007
MX vs. ATV Untamed	THQ	61	17.95	Nintendo DS	E	2007
WWE SmackDown vs. Raw 2008	THQ	61	14.95	Nintendo DS	T	2007
The BIGS	2K	72	16.95	Sony PSP	M	2007
Brave Story: New Traveler		76	17.95	Sony PSP	T	2007
WipEout Pulse	Sony	82	16.95	Sony PSP	T	2007
TimeShift		70	16.95	PlayStation 3	M	2007
Star Trek: Conquest		49	27.95	Nintendo Wii	T	2007
Beautiful Katamari	Namco	73	17.95	X360	M	2007
Hour of Victory	Midway	37	12.95	X360	M	2007
Fantastic Four: Rise of the Silver Surfer	2K	47	14.95	PlayStation 3	M	2007
SEGA Rally Revo	Sega	77	14.95	X360	E	2007
7 Wonders of the Ancient World		60	17.95	Nintendo DS	T	2007
Draglade		71	16.95	Nintendo DS	M	2007
Final Fantasy Fables: Chocobo Tales	SquareEnix	75	17.95	Nintendo DS	M	2007
Marvel Trading Card Game	Konami	61	16.95	Nintendo DS	M	2007
Crazy Taxi: Fare Wars	Sega	64	17.95	Sony PSP	E	2007
The Golden Compass	Sega	28	14.95	Sony PSP	E	2007
Harry Potter and the Order of the Phoenix	EA	52	16.95	Sony PSP	E	2007
Bladestorm: The Hundred Years' War		58	44.95	PlayStation 3	E	2007
Surf's Up	Ubisoft	61	17.95	X360	E	2007
Blazing Angels 2: Secret Missions of WWII	Ubisoft	72	16.95	X360	M	2007
InuYasha: Secret of the Divine Jewel	Namco	46	24.95	Nintendo DS	T	2007
The Settlers	Ubisoft	39	17.95	Nintendo DS	T	2007
Shrek the Third	Activision	57	22.95	Sony PSP	T	2007
Ratatouille	THQ	55	17.95	PlayStation 3	T	2007
Soldier of Fortune: Payback	Activision	50	14.95	PlayStation 3	E	2007
Heatseeker		62	17.95	Nintendo Wii	T	2007
NHL 2K8		74	9.95	PlayStation 3	E	2007
NCAA March Madness 08	EA	67	12.95	PlayStation 3	E	2007
Fantastic Four: Rise of the Silver Surfer	2K	45	14.95	X360	E	2007
Monster Madness: Battle for Suburbia		55	14.95	X360	E	2007
Pro Evolution Soccer 2008	Konami	76	14.95	X360	M	2007
Blazing Angels 2: Secret Missions of WWII	Ubisoft	70	22.95	PlayStation 3	T	2007
Cake Mania		55	16.95	Nintendo DS	M	2007
River King: Mystic Valley		54	24.95	Nintendo DS	T	2007
Touch Detective 2 1/2		67	14.95	Nintendo DS	T	2007
7 Wonders of the Ancient World		51	17.95	Sony PSP	E	2007
Brooktown High	Konami	51	16.95	Sony PSP	T	2007
Crush	Sega	83	16.95	Sony PSP	E	2007
Jackass: The Game		58	17.95	Sony PSP	E	2007
The Sims 2: Castaway	EA	64	17.95	Sony PSP	T	2007
Test Drive Unlimited	Atari	80	17.95	Sony PSP	M	2007
Thrillville: Off the Rails		72	16.95	Sony PSP	T	2007
Victorious Boxers: Revolution	Ubisoft	59	24.95	Nintendo Wii	E	2007
Bladestorm: The Hundred Years' War		63	34.95	X360	T	2007
Looney Tunes: Acme Arsenal		40	17.95	X360	M	2007
SEGA Rally Revo	Sega	75	16.95	PlayStation 3	T	2007
Death Jr. and the Science Fair of Doom	Konami	47	12.95	Nintendo DS	M	2007
Indianapolis 500 Legends		51	16.95	Nintendo DS	T	2007
Worms: Open Warfare 2	THQ	81	17.95	Nintendo DS	E	2007
Alien Syndrome	Sega	51	12.95	Sony PSP	E	2007
BlackSite: Area 51	Midway	56	17.95	PlayStation 3	E	2007
Code Lyoko: Quest for Infinity		58	17.95	Nintendo Wii	T	2007
Super Swing Golf Season 2		70	19.95	Nintendo Wii	M	2007
FlatOut: Ultimate Carnage		80	16.95	X360	E	2007
Zoids Assault		46	17.95	X360	M	2007
Alien Syndrome	Sega	48	12.95	Nintendo Wii	E	2007
Tetris Evolution	THQ	52	17.95	X360	T	2007
Heroes of Mana	SquareEnix	66	24.95	Nintendo DS	T	2007
Myst	Midway	43	24.95	Nintendo DS	E	2007
Coded Arms: Contagion	Konami	56	14.95	Sony PSP	E	2007
King of Clubs		35	14.95	Nintendo Wii	E	2007
F.E.A.R. Files		66	17.95	X360	E	2007
Ontamarama		71	17.95	Nintendo DS	M	2007
Retro Game Challenge	Namco	77	17.95	Nintendo DS	T	2007
Ultimate Mortal Kombat 3	Midway	73	23.95	Nintendo DS	E	2007
"Warhammer 40,000: Squad Command"	THQ	57	17.95	Nintendo DS	T	2007
Juiced 2: Hot Import Nights	THQ	73	16.95	Sony PSP	E	2007
Pursuit Force: Extreme Justice	Sony	73	14.95	Sony PSP	E	2007
Medal of Honor: Vanguard	EA	56	17.95	Nintendo Wii	T	2007
World Series of Poker 2008: Battle for the Brac...	Activision	74	19.95	X360	E	2007
Pro Evolution Soccer 2008	Konami	74	17.95	PlayStation 3	E	2007
Worms: Open Warfare 2	THQ	80	17.95	Sony PSP	T	2007
Surf's Up	Ubisoft	59	17.95	PlayStation 3	E	2007
Fantastic Four: Rise of the Silver Surfer	2K	39	12.95	Nintendo Wii	E	2007
Brothers in Arms DS	Ubisoft	72	17.95	Nintendo DS	E	2007
Bubble Bobble Double Shot		50	17.95	Nintendo DS	E	2007
Fantastic Four: Rise of the Silver Surfer	2K	35	14.95	Nintendo DS	E	2007
Zendoku	Eidos	68	16.95	Nintendo DS	E	2007
Heatseeker		49	12.95	Sony PSP	T	2007
Manhunt 2	Rockstar	69	7.95	Sony PSP	T	2007
SWAT: Target Liberty		50	12.95	Sony PSP	E	2007
Anubis II		19	9.95	Nintendo Wii	M	2007
Barnyard	THQ	65	17.95	Nintendo Wii	T	2007
Escape from Bug Island	Eidos	37	14.95	Nintendo Wii	T	2007
Octomania		66	14.95	Nintendo Wii	M	2007
Cabela's Big Game Hunter	Activision	51	19.95	X360	E	2007
UEFA Champions League 2006-2007	EA	72	6.95	X360	T	2007
Aliens Vs Predator: Requiem		49	17.95	Sony PSP	T	2007
NBA 08	Sony	75	7.95	Sony PSP	E	2007
Guilty Gear XX ? Core		75	24.95	Nintendo Wii	E	2007
Arkanoid DS	SquareEnix	61	16.95	Nintendo DS	E	2007
Code Lyoko		63	11.95	Nintendo DS	T	2007
Dynasty Warriors DS: Fighter's Battle		56	14.95	Nintendo DS	T	2007
Orcs & Elves	EA	68	14.95	Nintendo DS	T	2007
Prism: Light the Way	Eidos	73	16.95	Nintendo DS	T	2007
Dead Head Fred		75	12.95	Sony PSP	E	2007
Hot Pixel	Atari	55	8.95	Sony PSP	T	2007
The Legend of Heroes III: Song of the Ocean	Namco	58	17.95	Sony PSP	T	2007
SEGA Rally Revo	Sega	74	16.95	Sony PSP	T	2007
Bionicle Heroes	Eidos	52	17.95	Nintendo Wii	T	2007
Burnout Dominator	EA	76	17.95	Sony PSP	T	2007
Samurai Warriors 2: Empires		53	19.95	X360	E	2007
Meteos: Disney Magic	Disney	74	12.95	Nintendo DS	T	2007
Turn It Around		39	9.95	Nintendo DS	E	2007
Cube		60	17.95	Sony PSP	T	2007
Dragoneer's Aria		56	24.95	Sony PSP	E	2007
The Fast and the Furious	Namco	58	22.95	Sony PSP	M	2007
R-Type Command		69	14.95	Sony PSP	M	2007
Virtua Tennis 3	Sega	79	16.95	Sony PSP	M	2007
Virtua Tennis 3	Sega	80	14.95	X360	T	2007
Front Mission	SquareEnix	72	17.95	Nintendo DS	E	2007
Lost in Blue 2	Konami	58	17.95	Nintendo DS	T	2007
Nervous Brickdown		70	17.95	Nintendo DS	E	2007
Sea Monsters: A Prehistoric Adventure		43	13.95	Nintendo DS	T	2007
After Burner: Black Falcon	Sega	73	19.95	Sony PSP	M	2007
Capcom Puzzle World	Capcom	65	19.95	Sony PSP	M	2007
Puzzle Quest: Challenge of the Warlords		84	17.95	Sony PSP	T	2007
Smash Court Tennis 3	Namco	68	19.95	Sony PSP	T	2007
UEFA Champions League 2006-2007	EA	71	14.95	Sony PSP	T	2007
Driver: Parallel Lines	Ubisoft	59	24.95	Nintendo Wii	E	2007
Mario Kart Wii	Nintendo	82	29.95	Nintendo Wii	T	2008
Grand Theft Auto IV	Rockstar	98	24.95	X360	E	2008
Super Smash Bros.: Brawl	Nintendo	93	39.95	Nintendo Wii	T	2008
Call of Duty: World at War	Activision	84	29.95	X360	E	2008
Grand Theft Auto IV	Rockstar	98	24.95	PlayStation 3	E	2008
Gears of War 2	Microsoft	93	24.95	X360	E	2008
Pokmon: Platinum Version	Nintendo	83	27.95	Nintendo DS	T	2008
Metal Gear Solid 4: Guns of the Patriots	Konami	94	22.95	PlayStation 3	T	2008
Fable II	Microsoft	89	17.95	X360	E	2008
Call of Duty: World at War	Activision	85	29.95	PlayStation 3	T	2008
Guitar Hero: World Tour	Activision	86	17.95	Nintendo Wii	T	2008
LittleBigPlanet	Sony	95	24.95	PlayStation 3	T	2008
Fallout 3		93	17.95	X360	T	2008
LEGO Indiana Jones: The Original Adventures		77	9.95	X360	M	2008
Left 4 Dead		89	19.95	X360	M	2008
Madden NFL 09	EA	83	14.95	X360	T	2008
Guitar Hero: On Tour	Activision	71	14.95	Nintendo DS	M	2008
Kung Fu Panda	Activision	75	9.95	X360	E	2008
Rock Band 2		92	19.95	X360	E	2008
Sega Superstars Tennis	Sega	67	9.95	X360	E	2008
Guitar Hero: World Tour	Activision	85	16.95	X360	T	2008
Animal Crossing: City Folk	Nintendo	73	29.95	Nintendo Wii	T	2008
Mario & Sonic at the Olympic Games	"Nintendo,Sega"	70	24.95	Nintendo DS	T	2008
Madden NFL 09	EA	85	14.95	PlayStation 3	E	2008
LEGO Batman: The Videogame		76	14.95	X360	T	2008
Tom Clancy's Rainbow Six: Vegas 2	Ubisoft	82	16.95	X360	M	2008
Kirby Super Star Ultra	Nintendo	76	24.95	Nintendo DS	M	2008
Star Wars: The Force Unleashed		73	16.95	X360	T	2008
God of War: Chains of Olympus	Sony	91	17.95	Sony PSP	T	2008
Fallout 3		90	17.95	PlayStation 3	M	2008
Pure	Disney	85	12.95	X360	T	2008
LEGO Indiana Jones: The Original Adventures		78	16.95	Nintendo Wii	E	2008
Rock Band		92	17.95	Nintendo Wii	T	2008
LEGO Batman: The Videogame		72	17.95	Nintendo DS	T	2008
Saints Row 2	THQ	81	17.95	X360	E	2008
LEGO Batman: The Videogame		74	17.95	Nintendo Wii	E	2008
Call of Duty: World at War	Activision	83	29.95	Nintendo Wii	M	2008
Midnight Club: Los Angeles	Rockstar	81	22.95	X360	E	2008
Mortal Kombat vs. DC Universe	Midway	76	24.95	PlayStation 3	E	2008
Army of Two	EA	72	16.95	X360	T	2008
Resistance 2	Sony	87	24.95	PlayStation 3	E	2008
Rock Band 2		91	24.95	PlayStation 3	E	2008
Midnight Club: Los Angeles	Rockstar	82	22.95	PlayStation 3	M	2008
Sonic Unleashed	Sega	66	17.95	Nintendo Wii	E	2008
NBA 2K9	2K	84	12.95	X360	E	2008
Guitar Hero: World Tour	Activision	84	17.95	PlayStation 3	E	2008
Guitar Hero: Aerosmith	Activision	73	14.95	Nintendo Wii	E	2008
Star Wars: The Force Unleashed		71	14.95	Nintendo Wii	E	2008
Burnout Paradise	EA	87	17.95	PlayStation 3	T	2008
Pokmon Ranger: Shadows of Almia	Nintendo	68	24.95	Nintendo DS	T	2008
Mortal Kombat vs. DC Universe	Midway	72	24.95	X360	M	2008
Dead Space	EA	88	17.95	PlayStation 3	M	2008
Shaun White Snowboarding: Road Trip	Ubisoft	78	14.95	Nintendo Wii	E	2008
Star Wars: The Force Unleashed		71	17.95	PlayStation 3	E	2008
Guitar Hero: Aerosmith	Activision	70	9.95	X360	E	2008
SOCOM: U.S. Navy SEALs - Confrontation	Sony	63	16.95	PlayStation 3	E	2008
SoulCalibur IV	Namco	85	19.95	X360	E	2008
Battlefield: Bad Company	EA	83	16.95	X360	E	2008
Saints Row 2	THQ	82	17.95	PlayStation 3	M	2008
Guitar Hero: On Tour - Decades	Activision	72	17.95	Nintendo DS	T	2008
Devil May Cry 4	Capcom	84	17.95	X360	T	2008
Mystery Case Files: MillionHeir	Nintendo	65	17.95	Nintendo DS	T	2008
Battlefield: Bad Company	EA	84	17.95	PlayStation 3	T	2008
Army of Two	EA	74	16.95	PlayStation 3	T	2008
Rayman Raving Rabbids TV Party	Ubisoft	73	17.95	Nintendo Wii	T	2008
The House of the Dead 2 & 3 Return	Sega	66	17.95	Nintendo Wii	M	2008
Far Cry 2	Ubisoft	85	19.95	X360	T	2008
Boom Blox	EA	85	24.95	Nintendo Wii	T	2008
Spore Creatures	EA	65	14.95	Nintendo DS	T	2008
Madden NFL 09	EA	68	14.95	Sony PSP	T	2008
NCAA Football 09	EA	83	14.95	X360	T	2008
MLB 08: The Show	Sony	85	12.95	PlayStation 3	E	2008
Tom Clancy's Rainbow Six: Vegas 2	Ubisoft	81	24.95	PlayStation 3	E	2008
Mercenaries 2: World in Flames	EA	72	14.95	X360	E	2008
Need for Speed: Undercover	EA	64	17.95	X360	E	2008
Guitar Hero: Aerosmith	Activision	70	14.95	PlayStation 3	M	2008
SoulCalibur IV	"Namco,Ubisoft"	85	22.95	PlayStation 3	E	2008
Valkyria Chronicles	Sega	86	24.95	PlayStation 3	T	2008
Harvest Moon: Tree of Tranquility		65	34.95	Nintendo Wii	M	2008
Star Wars: The Clone Wars - Jedi Alliance		68	17.95	Nintendo DS	T	2008
Need for Speed: Undercover	EA	59	17.95	PlayStation 3	E	2008
Wario Land: Shake It!	Nintendo	78	19.95	Nintendo Wii	T	2008
NBA 2K9	2K	82	14.95	PlayStation 3	E	2008
Major League Baseball 2K9	2K	64	14.95	X360	E	2008
NCAA Football 09	EA	81	14.95	PlayStation 3	E	2008
Kung Fu Panda	Activision	71	17.95	Nintendo DS	E	2008
Devil May Cry 4	Capcom	84	19.95	PlayStation 3	T	2008
Tom Clancy's EndWar	Ubisoft	77	16.95	X360	E	2008
LEGO Batman: The Videogame		73	17.95	Sony PSP	M	2008
BioShock	2K	94	17.95	PlayStation 3	E	2008
Bully: Scholarship Edition	Rockstar	80	17.95	X360	T	2008
Prince of Persia	Ubisoft	81	16.95	X360	T	2008
Kung Fu Panda	Activision	70	16.95	Nintendo Wii	E	2008
Sonic Chronicles: The Dark Brotherhood	Sega	74	17.95	Nintendo DS	E	2008
Chrono Trigger	SquareEnix	92	17.95	Nintendo DS	T	2008
Tomb Raider: Underworld	Eidos	76	17.95	X360	E	2008
skate it	EA	70	39.95	Nintendo Wii	T	2008
The Legendary Starfy	Nintendo	75	24.95	Nintendo DS	E	2008
Mirror's Edge	EA	79	14.95	X360	T	2008
Haze	Ubisoft	55	12.95	PlayStation 3	T	2008
Dissidia: Final Fantasy	SquareEnix	79	17.95	Sony PSP	T	2008
Sid Meier's Civilization: Revolution	2K	84	24.95	X360	T	2008
Wall-E	THQ	51	17.95	Nintendo Wii	E	2008
Prince of Persia	Ubisoft	85	17.95	PlayStation 3	T	2008
NHL 09	EA	88	14.95	X360	E	2008
Brothers in Arms: Hell's Highway	Ubisoft	76	17.95	X360	E	2008
Shaun White Snowboarding	Ubisoft	60	14.95	X360	T	2008
Turok		69	14.95	X360	E	2008
Iron Man	Sega	44	16.95	Sony PSP	E	2008
De Blob	THQ	82	16.95	Nintendo Wii	M	2008
Sonic Riders: Zero Gravity	Sega	56	16.95	Nintendo Wii	T	2008
Rhythm Heaven	Nintendo	83	24.95	Nintendo DS	T	2008
Tomb Raider: Underworld	Eidos	75	17.95	PlayStation 3	T	2008
Advance Wars: Days of Ruin	Nintendo	86	17.95	Nintendo DS	E	2008
LEGO Batman: The Videogame		75	17.95	PlayStation 3	E	2008
Far Cry 2	Ubisoft	85	19.95	PlayStation 3	T	2008
Harvest Moon: Island of Happiness		65	24.95	Nintendo DS	E	2008
Brothers in Arms: Hell's Highway	Ubisoft	76	19.95	PlayStation 3	T	2008
Sonic Unleashed	Sega	54	17.95	PlayStation 3	T	2008
Pinball Hall of Fame: The Williams Collection		82	17.95	Nintendo Wii	T	2008
Sonic Unleashed	Sega	60	17.95	X360	E	2008
Samba de Amigo	Sega	68	12.95	Nintendo Wii	T	2008
?kami	Capcom	90	17.95	Nintendo Wii	M	2008
LEGO Indiana Jones: The Original Adventures		77	17.95	PlayStation 3	E	2008
MotorStorm: Pacific Rift	Sony	82	29.95	PlayStation 3	T	2008
Tiger Woods PGA Tour 09	EA	84	19.95	X360	E	2008
SimCity Creator	EA	67	24.95	Nintendo Wii	E	2008
Tiger Woods PGA Tour 09	EA	82	19.95	PlayStation 3	E	2008
Sid Meier's Civilization: Revolution	2K	80	17.95	Nintendo DS	M	2008
Pure	Disney	83	17.95	PlayStation 3	M	2008
Turok		67	16.95	PlayStation 3	M	2008
Crash: Mind over Mutant		70	17.95	Nintendo Wii	E	2008
Spider-Man: Web of Shadows	Activision	68	19.95	X360	E	2008
Frontlines: Fuel of War	THQ	75	14.95	X360	M	2008
GRID		87	19.95	X360	E	2008
Too Human	Microsoft	65	14.95	X360	T	2008
Speed Racer: The Videogame		69	16.95	Nintendo Wii	M	2008
LEGO Indiana Jones: The Original Adventures		76	17.95	Sony PSP	E	2008
SEGA Bass Fishing	Sega	59	17.95	Nintendo Wii	E	2008
The Chronicles of Narnia: Prince Caspian	Disney	63	16.95	Nintendo Wii	M	2008
Iron Man	Sega	56	14.95	Nintendo DS	M	2008
The Sims 2: Apartment Pets	EA	50	17.95	Nintendo DS	M	2008
MLB 08: The Show	Sony	83	14.95	Sony PSP	M	2008
Iron Man	Sega	42	17.95	PlayStation 3	T	2008
Madagascar: Escape 2 Africa	Activision	55	17.95	Nintendo DS	T	2008
GRID		87	24.95	PlayStation 3	T	2008
NHL 09	EA	88	19.95	PlayStation 3	M	2008
Banjo-Kazooie: Nuts & Bolts	Microsoft	79	17.95	X360	E	2008
Hot Shots Golf: Out of Bounds	Sony	81	34.95	PlayStation 3	T	2008
Rune Factory 2: A Fantasy Harvest Moon		79	17.95	Nintendo DS	T	2008
SimCity Creator	EA	69	17.95	Nintendo DS	M	2008
Patapon	Sony	86	17.95	Sony PSP	T	2008
Shaun White Snowboarding	Ubisoft	63	15.95	PlayStation 3	T	2008
Iron Man	Sega	44	17.95	Nintendo Wii	T	2008
Sega Superstars Tennis	Sega	65	14.95	Nintendo DS	T	2008
Lost Planet: Extreme Condition	Capcom	67	16.95	PlayStation 3	T	2008
Mirror's Edge	EA	79	14.95	PlayStation 3	T	2008
The Incredible Hulk	Sega	46	16.95	Nintendo Wii	T	2008
Condemned 2: Bloodshot	Sega	80	14.95	X360	T	2008
Sega Superstars Tennis	Sega	71	12.95	Nintendo Wii	E	2008
Speed Racer: The Videogame		75	17.95	Nintendo DS	M	2008
Viva Pi$?ata: Pocket Paradise	THQ	82	17.95	Nintendo DS	T	2008
Tom Clancy's EndWar	Ubisoft	76	17.95	PlayStation 3	M	2008
Iron Man	Sega	45	17.95	X360	M	2008
Need for Speed: Undercover	EA	54	27.95	Nintendo Wii	E	2008
Wall-E	THQ	50	14.95	X360	E	2008
Spectrobes: Beyond the Portals	Disney	70	11.95	Nintendo DS	M	2008
MX vs. ATV Untamed	Ubisoft	59	16.95	Sony PSP	T	2008
Mercenaries 2: World in Flames	EA	72	15.95	PlayStation 3	E	2008
Infinite Undiscovery	SquareEnix	68	17.95	X360	T	2008
TNA iMPACT!	Midway	62	14.95	X360	M	2008
Enemy Territory: Quake Wars	Activision	69	14.95	X360	T	2008
Fire Emblem: Shadow Dragon	Nintendo	81	19.95	Nintendo DS	M	2008
Neopets Puzzle Adventure	Capcom	70	17.95	Nintendo DS	T	2008
Tales of Vesperia	Namco	79	27.95	X360	M	2008
SingStar ABBA	Sony	70	17.95	PlayStation 3	T	2008
Dragon Ball Z: Burst Limit	"Atari,Namco"	72	17.95	X360	E	2008
Apollo Justice: Ace Attorney	Capcom	78	24.95	Nintendo DS	T	2008
Castlevania: Order of Ecclesia	Konami	85	24.95	Nintendo DS	T	2008
Mega Man Star Force 2: Zerker X Ninja	Capcom	55	17.95	Nintendo DS	T	2008
Enemy Territory: Quake Wars	Activision	60	16.95	PlayStation 3	T	2008
Namco Museum: Virtual Arcade	Namco	63	17.95	X360	T	2008
NASCAR 09	EA	69	19.95	X360	T	2008
Turning Point: Fall of Liberty		43	7.95	X360	M	2008
Summer Athletics 2009		56	19.95	Nintendo Wii	M	2008
Unreal Tournament III	Midway	82	14.95	X360	M	2008
Shaun White Snowboarding	Ubisoft	63	16.95	Nintendo DS	T	2008
Dark Sector		72	14.95	PlayStation 3	T	2008
The Last Remnant	SquareEnix	66	14.95	X360	T	2008
Dragon Ball Z: Burst Limit	"Atari,Namco"	71	19.95	PlayStation 3	M	2008
NASCAR 09	EA	65	22.95	PlayStation 3	E	2008
Turning Point: Fall of Liberty		42	7.95	PlayStation 3	T	2008
MX vs. ATV Untamed	THQ	70	24.95	Nintendo Wii	E	2008
Crash: Mind over Mutant		60	24.95	X360	M	2008
The Incredible Hulk	Sega	55	17.95	X360	E	2008
Silent Hill: Homecoming	Konami	70	17.95	X360	T	2008
TNA iMPACT!	Midway	64	12.95	PlayStation 3	M	2008
The Incredible Hulk	Sega	55	16.95	PlayStation 3	T	2008
Kung Fu Panda	Activision	76	19.95	PlayStation 3	M	2008
Dark Sector		72	13.95	X360	M	2008
Tales of Symphonia: Dawn of the New World	Namco	68	24.95	Nintendo Wii	T	2008
Valkyrie Profile: Covenant of the Plume	SquareEnix	74	24.95	Nintendo DS	M	2008
Spider-Man: Web of Shadows	Activision	67	24.95	PlayStation 3	E	2008
TV Show King		65	17.95	Nintendo Wii	T	2008
AC/DC Live: Rock Band - Track Pack		63	14.95	X360	M	2008
The Chronicles of Narnia: Prince Caspian	Disney	54	10.95	Nintendo DS	M	2008
Hot Shots Golf: Open Tee 2	Sony	82	14.95	Sony PSP	E	2008
AC/DC Live: Rock Band - Track Pack		60	14.95	PlayStation 3	E	2008
Harvest Moon: Magical Melody		69	23.95	Nintendo Wii	T	2008
Dynasty Warriors 6		59	24.95	PlayStation 3	M	2008
Order Up!		76	17.95	Nintendo Wii	T	2008
NBA Ballers: Chosen One	Midway	55	9.95	X360	T	2008
Age of Empires: Mythologies	THQ	78	17.95	Nintendo DS	T	2008
LocoRoco 2	Sony	85	11.95	Sony PSP	M	2008
Star Ocean: First Departure	SquareEnix	74	17.95	Sony PSP	T	2008
Lost: Via Domus	Ubisoft	54	16.95	PlayStation 3	T	2008
Tetris Party		75	24.95	Nintendo Wii	T	2008
Bully: Scholarship Edition	Rockstar	83	17.95	Nintendo Wii	E	2008
The Spiderwick Chronicles		62	16.95	Nintendo Wii	M	2008
Dynasty Warriors 6		60	24.95	X360	M	2008
Facebreaker	EA	54	12.95	X360	M	2008
Ninja Gaiden: Dragon Sword		83	12.95	Nintendo DS	E	2008
Condemned 2: Bloodshot	Sega	82	14.95	PlayStation 3	T	2008
Silent Hill: Homecoming	Konami	71	17.95	PlayStation 3	E	2008
Command & Conquer: Red Alert 3	EA	77	14.95	X360	T	2008
Viking: Battle for Asgard	Sega	68	14.95	X360	M	2008
Beijing 2008	Sega	60	14.95	X360	T	2008
Don King Presents: Prizefighter	2K	56	14.95	X360	M	2008
Bomberman		73	12.95	Sony PSP	M	2008
Ferrari Challenge Trofeo Pirelli		71	17.95	PlayStation 3	E	2008
Command & Conquer 3: Kane's Wrath	EA	75	17.95	X360	M	2008
Lost: Via Domus	Ubisoft	55	17.95	X360	M	2008
NHL 2K9	2K	69	14.95	X360	T	2008
Eternal Sonata	Namco	80	24.95	PlayStation 3	M	2008
Viva Pi$?ata: Trouble in Paradise	Microsoft	82	17.95	X360	T	2008
FlatOut: Head On		74	9.95	Sony PSP	E	2008
Viking: Battle for Asgard	Sega	65	16.95	PlayStation 3	M	2008
Neopets Puzzle Adventure	Capcom	52	14.95	Nintendo Wii	E	2008
TNA iMPACT!	Midway	43	14.95	Nintendo Wii	E	2008
Tomb Raider: Underworld	Eidos	70	17.95	Nintendo Wii	T	2008
The Club	Sega	76	14.95	X360	T	2008
The Chronicles of Narnia: Prince Caspian	Disney	56	14.95	X360	M	2008
Cabela's Dangerous Hunts 2009	Activision	42	19.95	X360	M	2008
Dark Messiah of Might and Magic: Elements	Ubisoft	52	17.95	X360	T	2008
Fracture		63	14.95	X360	T	2008
Bomberman Land		57	19.95	Nintendo Wii	T	2008
Nitrobike	Ubisoft	49	14.95	Nintendo Wii	E	2008
Culdcept Saga	Namco	75	17.95	X360	T	2008
Facebreaker		53	14.95	PlayStation 3	E	2008
MLB Power Pros 2008	2K	83	22.95	Nintendo Wii	E	2008
Mushroom Men: The Spore Wars		72	17.95	Nintendo Wii	E	2008
Dragon Quest V: Hand of the Heavenly Bride	SquareEnix	84	29.95	Nintendo DS	T	2008
Ninjatown		80	19.95	Nintendo DS	T	2008
Super Dodgeball Brawlers		65	19.95	Nintendo DS	T	2008
Dokapon Kingdom		72	17.95	Nintendo Wii	M	2008
Alone in the Dark	Atari	58	14.95	X360	M	2008
NBA 09: The Inside	Sony	63	14.95	PlayStation 3	M	2008
Sega Superstars Tennis	Sega	67	16.95	PlayStation 3	M	2008
Baja: Edge of Control	THQ	65	16.95	X360	T	2008
Destroy All Humans! Big Willy Unleashed	THQ	53	17.95	Nintendo Wii	T	2008
Space Invaders Extreme	SquareEnix	85	16.95	Nintendo DS	T	2008
Ultimate Band	Disney	69	14.95	Nintendo DS	E	2008
The Club	Sega	72	14.95	PlayStation 3	M	2008
Madagascar: Escape 2 Africa	Activision	58	24.95	PlayStation 3	M	2008
NBA Ballers: Chosen One	Midway	54	14.95	PlayStation 3	M	2008
Dream Pinball 3D		54	16.95	Nintendo Wii	M	2008
Madagascar: Escape 2 Africa	Activision	62	19.95	X360	T	2008
Pro Evolution Soccer 2008	Konami	83	17.95	Nintendo Wii	T	2008
Avalon Code		71	27.95	Nintendo DS	M	2008
Disgaea DS		82	24.95	Nintendo DS	M	2008
Guitar Rock Tour		60	13.95	Nintendo DS	T	2008
Lost in Blue 3	Konami	59	17.95	Nintendo DS	M	2008
Syberia		52	23.95	Nintendo DS	T	2008
Afrika	Sony	63	47.95	PlayStation 3	T	2008
NFL Head Coach 09	EA	64	14.95	PlayStation 3	T	2008
NHL 2K9	2K	70	14.95	PlayStation 3	T	2008
Brothers in Arms: Double Time	Ubisoft	45	17.95	Nintendo Wii	E	2008
ObsCure: The Aftermath		53	16.95	Nintendo Wii	T	2008
MotoGP 08		68	16.95	X360	T	2008
NFL Head Coach 09	EA	67	12.95	X360	E	2008
NFL Tour	EA	49	12.95	X360	M	2008
Pinball Hall of Fame: The Williams Collection		78	17.95	Sony PSP	T	2008
Baja: Edge of Control	THQ	61	17.95	PlayStation 3	M	2008
NFL Tour	EA	45	14.95	PlayStation 3	E	2008
Wall-E	THQ	51	17.95	PlayStation 3	M	2008
Ninja Reflex	EA	49	14.95	Nintendo Wii	E	2008
Conflict: Denied Ops	Eidos	52	12.95	X360	T	2008
Top Spin 3	2K	78	19.95	X360	T	2008
Blitz: The League II	Midway	62	14.95	PlayStation 3	M	2008
Hellboy: The Science of Evil	Konami	47	16.95	PlayStation 3	T	2008
Castlevania Judgment	Konami	49	17.95	Nintendo Wii	T	2008
Death Jr. II: Root of Evil	Eidos	71	17.95	Nintendo Wii	E	2008
Raiden IV		63	32.95	X360	T	2008
Metal Slug 7		70	17.95	Nintendo DS	M	2008
Spider-Man: Web of Shadows	Activision	77	15.95	Nintendo DS	E	2008
Trauma Center: Under The Knife 2		79	19.95	Nintendo DS	T	2008
Fracture		62	14.95	PlayStation 3	M	2008
Alone in the Dark	Atari	39	14.95	Nintendo Wii	T	2008
Final Fantasy Fables: Chocobo's Dungeon	SquareEnix	76	17.95	Nintendo Wii	M	2008
The King of Fighters Collection: The Orochi Saga		70	17.95	Nintendo Wii	E	2008
Klonoa: Door to Phantomile	Namco	77	17.95	Nintendo Wii	T	2008
Samurai Warriors: Katana		53	17.95	Nintendo Wii	E	2008
Battle of the Bands	THQ	58	14.95	Nintendo Wii	T	2008
Hellboy: The Science of Evil	Konami	44	14.95	X360	M	2008
Dragon Ball: Origins	Atari	78	15.95	Nintendo DS	M	2008
Ninja Reflex	EA	54	12.95	Nintendo DS	T	2008
Space Bust-A-Move	SquareEnix	71	17.95	Nintendo DS	M	2008
Top Spin 3	2K	75	24.95	PlayStation 3	M	2008
UEFA Euro 2008	EA	79	17.95	PlayStation 3	T	2008
"Blast Works: Build, Trade, Destroy"		78	14.95	Nintendo Wii	T	2008
FIFA Street 3	EA	63	14.95	X360	T	2008
Blitz: The League II	Midway	68	12.95	X360	M	2008
Space Chimps		57	14.95	X360	T	2008
The Spiderwick Chronicles		59	14.95	X360	E	2008
Etrian Odyssey II: Heroes of Lagaard		82	24.95	Nintendo DS	T	2008
Line Rider 2: Unbound		59	8.95	Nintendo DS	M	2008
The King of Fighters Collection: The Orochi Saga		61	17.95	Sony PSP	E	2008
Target: Terror	Konami	33	17.95	Nintendo Wii	M	2008
Legendary	Atari	47	17.95	X360	T	2008
Universe at War: Earth Assault	Sega	66	14.95	X360	T	2008
Smash Court Tennis 3	Atari	55	14.95	X360	E	2008
Code Lyoko: Fall of X.A.N.A		51	14.95	Nintendo DS	M	2008
Knights in the Nightmare		76	29.95	Nintendo DS	M	2008
Lock's Quest	THQ	80	14.95	Nintendo DS	E	2008
Master of the Monster Lair		63	14.95	Nintendo DS	M	2008
N+	Atari	82	14.95	Nintendo DS	M	2008
Pipe Mania		71	14.95	Nintendo DS	T	2008
The Spiderwick Chronicles		60	12.95	Nintendo DS	E	2008
Summon Night: Twin Age		73	24.95	Nintendo DS	E	2008
Wild Arms XF		64	17.95	Sony PSP	M	2008
FIFA Street 3	EA	63	17.95	PlayStation 3	T	2008
MotoGP 08		65	17.95	PlayStation 3	T	2008
Harvey Birdman: Attorney at Law	Capcom	60	14.95	Nintendo Wii	M	2008
Let's Tap	Sega	70	17.95	Nintendo Wii	E	2008
NHL 2K9	2K	65	14.95	Nintendo Wii	T	2008
Conflict: Denied Ops	Eidos	51	17.95	PlayStation 3	E	2008
Worms: A Space Oddity	THQ	64	17.95	Nintendo Wii	M	2008
UEFA Euro 2008	EA	80	14.95	X360	M	2008
Overlord: Raising Hell		72	17.95	PlayStation 3	T	2008
Battle Fantasia		71	22.95	X360	M	2008
Bangai-O Spirits		83	14.95	Nintendo DS	M	2008
Dungeon Explorer: Warriors of Ancient Arts		60	17.95	Nintendo DS	M	2008
From the Abyss		60	19.95	Nintendo DS	T	2008
New International Track & Field	Konami	73	14.95	Nintendo DS	M	2008
Soul Bubbles	Eidos	78	14.95	Nintendo DS	T	2008
Tropix!		59	23.95	Nintendo DS	M	2008
Unsolved Crimes		66	17.95	Nintendo DS	T	2008
Zubo	EA	75	14.95	Nintendo DS	E	2008
Ford Racing Off Road		47	12.95	Sony PSP	M	2008
Harvey Birdman: Attorney at Law	Capcom	62	14.95	Sony PSP	M	2008
Secret Agent Clank	Sony	72	23.95	Sony PSP	M	2008
Space Invaders Extreme	SquareEnix	84	16.95	Sony PSP	M	2008
Armored Core: For Answer	Ubisoft	62	29.95	PlayStation 3	M	2008
Legendary	Atari	50	19.95	PlayStation 3	E	2008
Agatha Christie: Evil Under the Sun		46	17.95	Nintendo Wii	M	2008
Agatha Christie: And Then There Were None		50	17.95	Nintendo Wii	M	2008
Armored Core: For Answer	Ubisoft	64	24.95	X360	T	2008
Cradle of Rome		63	17.95	Nintendo DS	E	2008
The Dark Spire		69	24.95	Nintendo DS	T	2008
"Flower, Sun and Rain"		54	23.95	Nintendo DS	M	2008
Insecticide		55	12.95	Nintendo DS	T	2008
Izuna 2: The Unemployed Ninja Returns		65	17.95	Nintendo DS	E	2008
Looney Tunes: Cartoon Conductor	Eidos	67	13.95	Nintendo DS	M	2008
Nanostray 2		75	12.95	Nintendo DS	M	2008
Hellboy: The Science of Evil	Konami	42	14.95	Sony PSP	E	2008
Pipe Mania		74	12.95	Sony PSP	T	2008
UEFA Euro 2008	EA	68	19.95	Sony PSP	E	2008
Vampire Rain		30	24.95	PlayStation 3	E	2008
Baroque		50	19.95	Nintendo Wii	T	2008
Supreme Commander		56	17.95	X360	T	2008
Hail to the Chimp		52	16.95	X360	M	2008
Assassin's Creed: Altar's Chronicles	Ubisoft	58	11.95	Nintendo DS	T	2008
The Legend of Kage 2	SquareEnix	70	14.95	Nintendo DS	E	2008
Rhapsody: A Musical Adventure		67	12.95	Nintendo DS	M	2008
Secret Files: Tunguska		71	17.95	Nintendo DS	M	2008
Fading Shadows		62	17.95	Sony PSP	E	2008
Hail to the Chimp		51	15.95	PlayStation 3	M	2008
Secret Files: Tunguska		64	17.95	Nintendo Wii	M	2008
Chicken Hunter		39	17.95	Nintendo DS	T	2008